"","order","Virus","total","AsynNC_C","AnonsynNC_C","TsynNC_C","TnonsynNC_C","AsynC_LCLS","AnonsynC_LCLS","AsynNC_LCLS","AnonsynNC_LCLS","TsynC_LCLS","TnonsynC_LCLS","TsynNC_LCLS","TnonsynNC_LCLS","AsynC_UCLS","AnonsynC_UCLS","AsynNC_UCLS","AnonsynNC_UCLS","TsynC_UCLS","TnonsynC_UCLS","TsynNC_UCLS","TnonsynNC_UCLS","averagefit"
"1","30","Bk Polyoma VP1"," 3445596","121.6708408","44.4942879","230.1068376"," 2.4742268","8.079028e-05","5.624539e-05","0.0247107761","5.242684e-03","-1.355253e-20","0.000000e+00","0.0146450291","1.531305e-04","0.0004493675","3.172749e-04","0.039793972","0.0113768348","0.0001867601","2.054362e-04","0.028329757","0.0003551651","99.686548"
"2"," 1","Dengue 1","18143808","  2.2268422"," 2.8268384","  2.3633471"," 3.2383067","2.441266e-02","1.127878e-03","0.0586622239","4.638901e-03"," 5.906281e-02","8.030603e-04","0.1465714718","3.422170e-03","0.0319152048","2.767655e-03","0.066771046","0.0063731431","0.0709768047","1.991514e-03","0.160757264","0.0056275175"," 2.663834"
"3"," 2","Dengue 2","14913618","  1.4325364"," 3.0353724","  1.6780953"," 1.0087733","4.599030e-02","2.378510e-03","0.0693229586","8.787006e-03"," 1.014852e-01","2.218207e-03","0.1774092645","2.907809e-03","0.0567932138","4.254775e-03","0.077918163","0.0113474817","0.1185312240","5.645700e-03","0.191799310","0.0050250897"," 1.788694"
"4"," 3","Dengue 3"," 9753030","  1.6912793"," 1.6759825","  2.8357414"," 5.7439452","2.395060e-02","1.952568e-03","0.0427428258","3.968577e-03"," 4.019709e-02","4.112755e-04","0.1214041276","2.500214e-03","0.0306558285","3.666030e-03","0.049611900","0.0054480944","0.0496919947","7.963395e-04","0.133498082","0.0044362607"," 2.986737"
"5"," 4","Dengue 4"," 2612736","  1.9061539"," 1.6488100","  2.3201811"," 2.4230606","3.137606e-02","2.976087e-03","0.0635009275","5.331306e-03"," 5.249413e-02","1.179628e-03","0.1278003150","3.767347e-03","0.0394336036","4.388277e-03","0.071473177","0.0068111317","0.0627806510","2.868532e-03","0.139658062","0.0060415888"," 2.074551"
"6","24","Entero D68 VP1","  288288","  2.0858726"," 2.9406742","  2.9428263"," 0.0210989","3.763333e-02","3.589844e-04","0.0965897717","8.769419e-03"," 2.938940e-02","3.427666e-04","0.1107838108","1.949320e-04","0.0763186904","1.016290e-02","0.141099622","0.0221720177","0.0592813992","2.838198e-02","0.150158950","0.0004111286"," 1.997618"
"7","23","Entero C VP2 Polio2","  466662","  2.0858317"," 2.1787040","  1.7189200","16.2068966","2.155481e-02","7.026596e-04","0.0617659948","1.236706e-03"," 3.762045e-02","6.776264e-21","0.0715683994","4.007553e-05","0.0538883051","1.335339e-03","0.095595645","0.0032034904","0.0644807053","1.161440e-04","0.103935312","0.0018422586"," 5.547588"
"8","18","Entero A VP1 EVA71"," 3456204","  1.8173977"," 0.3347671","  1.4401898"," 2.0344569","4.587394e-02","1.960930e-03","0.0838066280","8.659288e-04"," 5.694587e-02","2.081017e-04","0.0842154310","4.470246e-04","0.0582008024","5.639126e-03","0.105338559","0.0016783200","0.0719321543","3.461811e-04","0.101393373","0.0006806398"," 1.406703"
"9","19","Entero A VP2 EVA71","  169050","  1.8797468"," 0.2317241","  1.5528331"," 0.9142857","7.597411e-02","8.523266e-05","0.1897281745","1.820595e-04"," 1.406236e-01","2.710505e-20","0.2451380908","1.038645e-04","0.1738282577","4.055554e-03","0.279837043","0.0007774607","0.2379271557","4.347826e-04","0.342687996","0.0002936511"," 1.144647"
"10","20","Entero B VP1 Echovirus30"," 2119044","  1.7501670"," 2.6781479","  1.0579544"," 3.8315789","6.209043e-02","1.181899e-03","0.1219053673","3.406138e-03"," 1.146914e-01","2.526767e-04","0.1260203741","6.673935e-04","0.1029364360","3.043906e-03","0.166919216","0.0079111926","0.1650844650","7.013094e-04","0.169969704","0.0029878795"," 2.329462"
"11","21","Entero B VP2 Echovirus30","  309750","  1.5074124"," 2.0808589","  1.1418433"," 2.8921811","1.750774e-01","1.788191e-02","0.2566891689","4.603668e-02"," 2.601914e-01","6.478797e-03","0.2796026861","2.254798e-02","0.1986844156","3.692035e-02","0.306724040","0.0679990904","0.3012584907","1.686953e-02","0.361485040","0.0449795958"," 1.905574"
"12","22","Entero C VP1 Polio2"," 1215852","  1.6871381"," 0.4107464","  1.8681148"," 7.4385965","2.904439e-02","4.084782e-03","0.0516093357","2.009906e-03"," 4.180380e-02","4.582232e-05","0.0782689405","7.633263e-04","0.0400067819","1.071190e-02","0.064889519","0.0040677764","0.0547920140","5.130450e-04","0.102183121","0.0033938625"," 2.851149"
"13","32","HBV A Polymerase","  224928","  1.4765625","18.5968254"," 53.5909091","42.0940171","4.091816e-03","6.745140e-04","0.0038380436","1.218529e-02"," 0.000000e+00","2.931422e-04","0.0123568448","1.701075e-02","0.0205995417","1.676583e-03","0.032620290","0.0315376576","0.0008417508","9.189791e-04","0.032753348","0.0340123023","28.939579"
"14","33","HBV A S","  220131","  1.5178571","24.0000000"," 52.3880597","36.8534483","4.025240e-03","4.867395e-04","0.0041188888","1.257614e-02"," 5.421011e-20","2.942568e-04","0.0121278910","1.442800e-02","0.0215260909","1.414401e-03","0.034664381","0.0330512327","0.0008449514","9.224733e-04","0.032137474","0.0304126933","28.689841"
"15","34","HBV B Polymerase","  270882","  1.7966102"," 0.7231026","  1.5106113"," 7.9166667","1.220775e-03","3.888645e-03","0.0037620422","3.119892e-03"," 2.876780e-03","3.828436e-04","0.0081592440","5.439791e-03","0.0054906343","9.139385e-03","0.008295744","0.0063007105","0.0116057348","1.764807e-03","0.013718207","0.0115624458"," 2.986748"
"16","35","HBV B PreC-Core","  219816","  0.7487238"," 0.6953846","  6.1688433"," 1.3373693","5.678093e-03","8.337906e-04","0.0053925203","3.091896e-03"," 1.337600e-03","6.414553e-04","0.0128091429","1.841595e-03","0.0159920976","1.370109e-02","0.010832466","0.0070154385","0.0041343560","3.815909e-03","0.020946498","0.0041195473"," 2.237580"
"17","36","HBV C polymerase","  815865","  2.2660236"," 0.6029437","  1.8408470"," 1.8678161","7.854913e-03","3.999593e-03","0.0487007552","2.476109e-03"," 8.842748e-03","9.967496e-04","0.0181007163","1.613915e-03","0.0488038595","8.717198e-03","0.079689358","0.0051913999","0.0156061499","2.438693e-03","0.026905964","0.0048028598"," 1.644408"
"18","37","HBV C PreC-Core","  372537","  8.6428571"," 0.7526813","  1.3662714"," 1.1750279","4.240838e-04","1.361668e-03","0.0043139245","1.831648e-03"," 8.805773e-03","5.793192e-04","0.0126806517","7.745202e-04","0.0011352488","7.392103e-03","0.009163164","0.0047571512","0.0190420724","1.965914e-03","0.025367064","0.0022161998"," 2.984209"
"19","38","HBV C S"," 1854816","  0.6094130"," 1.0797243"," 10.3223684"," 2.2216387","5.392156e-03","1.483448e-03","0.0025816117","3.263179e-03"," 1.521568e-04","1.430720e-03","0.0037715717","3.923284e-03","0.0119273218","1.348315e-02","0.007973102","0.0128966204","0.0010468840","4.424171e-03","0.008605369","0.0090841671"," 3.558286"
"20"," 5","HCV 1 A"," 3739662","  1.2229921"," 1.0589425","  1.1853659"," 1.8840069","1.087023e-01","1.295110e-02","0.1355381237","1.463327e-02"," 1.260831e-01","3.067781e-03","0.1515236768","6.368886e-03","0.1271739986","1.822683e-02","0.152936686","0.0183823598","0.1410139498","5.098028e-03","0.165084126","0.0090155561"," 1.337827"
"21"," 6","HCV 1 B"," 2195019","  1.1962462"," 0.9826159","  1.2145111"," 1.5328969","1.219281e-01","1.602461e-02","0.1490188172","1.645622e-02"," 1.484979e-01","4.030435e-03","0.1833771653","7.336300e-03","0.1397136810","2.139093e-02","0.163969145","0.0203088817","0.1641406109","7.244916e-03","0.196325741","0.0099476507"," 1.231568"
"22"," 7","HIV pol Gene"," 9550836","  4.3333431"," 2.6687510","  5.6256482"," 3.4927768","2.164780e-02","6.467423e-03","0.1100810226","2.258401e-02"," 1.714442e-02","1.669952e-03","0.1205364914","9.624306e-03","0.0322307377","1.260685e-02","0.123393166","0.0283204867","0.0289731520","5.620067e-03","0.138904717","0.0158381035"," 4.030130"
"23"," 9","Human Parainfluenza 3 HN"," 1210950","  1.1876541"," 3.7555125","  1.3995338"," 0.8590774","1.552003e-02","4.204141e-04","0.0194164019","1.467978e-03"," 1.572725e-02","3.996734e-04","0.0281867683","6.316844e-04","0.0276167949","8.715755e-04","0.031815225","0.0033841053","0.0312813004","2.504118e-03","0.037603282","0.0018628971"," 1.800444"
"24","31","Human Boca 1 VP1","  424743"," 15.9672414","       Inf","  3.1600622","       Inf","2.231434e-04","0.000000e+00","0.0029785626","5.614930e-05"," 3.158618e-04","0.000000e+00","0.0006751384","8.844274e-05","0.0005506258","0.000000e+00","0.009376397","0.0001539044","0.0009403479","0.000000e+00","0.003294562","0.0005338944"," 9.563652"
"25","39","Herpes 2 Glycoprotein G","  658008","  5.5175439"," 2.6080432","  0.2958398","33.1428571","6.833999e-05","6.589440e-04","0.0005903044","1.897591e-03"," 3.817516e-03","0.000000e+00","0.0004998688","1.179041e-03","0.0004514105","2.099901e-03","0.002277442","0.0052975952","0.0322020198","2.289377e-04","0.010156142","0.0064086094","10.391071"
"26","40","Human Papilloma 16 L1"," 1675872","  0.3250000"," 1.7531250","  0.5744762"," 5.2402235","6.630538e-04","3.889200e-05","0.0007468799","8.829911e-05"," 6.089314e-04","2.826782e-05","0.0008126638","9.801952e-05","0.0059245614","9.834999e-05","0.001394095","0.0001523032","0.0064676085","1.011318e-04","0.003252640","0.0005800632"," 1.973206"
"27","10","Human Parainfluenza 1"," 1425303","  1.2161992"," 0.9850728","  1.9161502","42.6076056","1.180210e-02","1.990413e-03","0.0159763303","2.688848e-03"," 1.026390e-02","1.557964e-05","0.0225365632","1.579458e-03","0.0180124912","4.733218e-03","0.020284147","0.0039344176","0.0156372148","9.046771e-05","0.027093867","0.0029389658","11.681257"
"28","25","Human Respiratory Syncytial","14391027","  2.7200806"," 1.4431394","  2.1744745"," 2.3828152","5.146373e-03","9.521522e-04","0.0164781854","1.811285e-03"," 1.032335e-02","4.175232e-04","0.0252460045","2.157121e-03","0.0083125042","2.055473e-03","0.020131046","0.0025291384","0.0148435096","1.891012e-03","0.029478685","0.0033436911"," 2.180127"
"29","12","Influenza A HA H1N1","32652450","  5.3298718"," 0.5819284","  1.8087006","45.8939153","1.018617e-02","1.735539e-02","0.0616406423","1.296070e-02"," 3.202245e-02","1.011148e-04","0.0687325026","5.892373e-03","0.0158225411","3.568876e-02","0.076982460","0.0179072015","0.0524481806","2.864212e-04","0.084049573","0.0118931717","13.403604"
"30","13","Influenza A HA H3N2","40832505","  4.2879358"," 1.7924142","  1.7123752","28.0332774","7.586822e-03","3.734836e-03","0.0368022717","1.256884e-02"," 2.328610e-02","1.239654e-04","0.0425054199","3.441620e-03","0.0124069803","1.342587e-02","0.048929867","0.0181902637","0.0348671741","2.965200e-04","0.057074796","0.0083459617"," 8.956501"
"31","14","Influenza A NA H1N1","27108660","  2.5620418"," 1.6556487","  1.9964658"," 2.7983537","3.214690e-02","1.290911e-02","0.1015680131","2.971770e-02"," 4.500887e-02","4.274226e-04","0.1007483048","9.397768e-03","0.0562670243","2.929388e-02","0.124952164","0.0401556336","0.0666090511","9.352827e-03","0.122093047","0.0179708309"," 2.253127"
"32","15","Influenza A NA H3N2"," 3416196","  6.7014937","12.1740741","  7.4328530"," 7.0023268","1.422192e-03","3.533723e-04","0.0091895042","3.002703e-03"," 1.640459e-03","1.812101e-04","0.0112121095","1.150034e-03","0.0027434944","5.507142e-04","0.018726815","0.0080037125","0.0029697340","8.019434e-04","0.023054777","0.0057343279"," 8.327687"
"33","16","Influenza B HA"," 1849770","  1.6563865"," 5.6052632","  0.9992400"," 0.2420339","1.010507e-03","3.902488e-05","0.0031196792","2.825625e-04"," 2.334781e-03","4.283594e-05","0.0057152859","6.101837e-05","0.0038646933","1.191029e-04","0.004955537","0.0006037852","0.0127137114","7.101534e-04","0.009321770","0.0001212306"," 2.125731"
"34","17","Influenza B NA"," 5385096","  1.3477787"," 2.3385840","  1.9028762","16.8229498","1.230238e-02","4.739212e-04","0.0205554860","1.051390e-02"," 1.176819e-02","1.304894e-04","0.0316482379","1.075568e-03","0.0314497800","1.229866e-02","0.038412746","0.0193558651","0.0335258701","2.633947e-04","0.054540755","0.0055507240"," 5.603047"
"35","26","Measles HH"," 1478949","  1.5664307"," 2.5756951","  1.9436580"," 2.7604638","3.610328e-02","3.386421e-03","0.0638254919","1.022793e-02"," 3.174240e-02","4.793534e-04","0.0747765134","6.339515e-03","0.0598499929","7.200206e-03","0.086478667","0.0170399966","0.0543267218","6.447910e-03","0.092512430","0.0127829462"," 2.211562"
"36"," 8","Human Parainfluenza 1 HN","  587520","  0.7227870"," 4.3592920","  1.1593170","       Inf","8.872230e-03","1.236239e-03","0.0091118728","6.351523e-03"," 1.185787e-02","0.000000e+00","0.0217656328","4.954237e-05","0.0344050810","3.665722e-03","0.022168404","0.0150175558","0.0390372705","0.000000e+00","0.037237969","0.0002621055"," 2.080465"
"37","11","Human Parainfluenza 3"," 6539988","  1.5783843"," 1.8015697","  1.7325762"," 6.2614515","1.003989e-02","7.648005e-04","0.0169756216","1.781157e-03"," 1.402917e-02","1.544143e-04","0.0264549581","1.401530e-03","0.0134467059","1.594636e-03","0.020095256","0.0024695319","0.0187683712","4.236975e-04","0.030369286","0.0022182886"," 2.843495"
"38","41","Parvo B19 NS1","  312480","  3.4387255"," 0.6505453","  2.9009378"," 2.3037835","5.926914e-03","3.411903e-03","0.0294571125","2.535584e-03"," 7.079813e-03","2.144870e-04","0.0236380480","1.300603e-03","0.0142694397","8.262444e-03","0.039992603","0.0050591074","0.0118632211","2.336151e-03","0.031314514","0.0045755138"," 2.323498"
"39","42","Parvo B19 VP1","  627924","  3.2055203"," 2.8292683","  3.4883584"," 5.2040816","6.496422e-03","3.201261e-04","0.0284486518","1.611769e-03"," 8.401954e-03","1.538949e-04","0.0350018694","7.611206e-04","0.0136843646","1.545546e-03","0.036241268","0.0036667163","0.0141483376","4.431200e-04","0.043661631","0.0023457938"," 3.681807"
"40","27","Rhino B","  269739","  6.0309845"," 3.4947982","  2.9352075"," 2.1321709","3.592891e-02","1.148017e-02","0.2310664417","4.687091e-02"," 8.450361e-02","5.352266e-03","0.2624411127","1.644982e-02","0.0424534099","1.706321e-02","0.241656130","0.0528824456","0.0978665945","1.255121e-02","0.272853276","0.0217234528"," 3.648290"
"41","28","Rhino C","  450639","  2.0619100"," 3.3004491","  1.7983979"," 1.6681236","3.992533e-02","4.332827e-02","0.0886567039","1.488199e-01"," 3.768439e-02","8.685754e-02","0.0729774239","1.468441e-01","0.0514905017","4.953577e-02","0.099834512","0.1576731127","0.0505727598","9.813329e-02","0.085744054","0.1617435026"," 2.207220"
"42","29","Rota A VP6"," 5184207","  1.7786945","12.0927081","  1.3742454"," 0.5212713","5.750309e-02","1.720833e-04","0.1126852657","1.095835e-02"," 9.642976e-02","3.496656e-04","0.1423151296","3.500708e-03","0.0855400896","2.402730e-03","0.141744853","0.0201781098","0.1295056595","2.538054e-02","0.168175587","0.0099117076"," 3.941730"
